{
    "rmse": 0.6425183088488793,
    "mae": 0.5102596101397177,
    "r2": 0.3040557537802385
}