{
    "rmse": 0.7182063343761403,
    "mae": 0.5724077590117244,
    "r2": 0.2159593574433618
}