{
    "rmse": 0.8023058175628961,
    "mae": 0.6637964581787528,
    "r2": 0.0398349867314034
}